ID,IP,LISTEN_PORT
9,127.0.0.1,4105
10,127.0.0.1,5105
10,127.0.0.1,5105
10,127.0.0.1,5105
10,127.0.0.1,5105
10,127.0.0.1,5105
10,127.0.0.1,5105
10,127.0.0.1,5105
10,127.0.0.1,5105
9,127.0.0.1,4105
10,127.0.0.1,5105
9,127.0.0.1,4105
9,127.0.0.1,4105
10,127.0.0.1,5105
9,127.0.0.1,4105
9,127.0.0.1,4105
10,127.0.0.1,5105
10,127.0.0.1,5105
9,127.0.0.1,4105
10,127.0.0.1,5105
9,127.0.0.1,4105
9,127.0.0.1,4106
9,127.0.0.1,4106
10,127.0.0.1,5105
9,127.0.0.1,4106
10,127.0.0.1,5105
9,127.0.0.1,4106
10,127.0.0.1,5105
10,127.0.0.1,5105
9,127.0.0.1,4106
9,127.0.0.1,4106
10,127.0.0.1,5105
9,127.0.0.1,4106
10,127.0.0.1,5105
10,127.0.0.1,5105
9,127.0.0.1,4106
10,127.0.0.1,5105
10,127.0.0.1,5105
9,127.0.0.1,4106
9,127.0.0.1,4106
10,127.0.0.1,5105
9,127.0.0.1,4106
10,127.0.0.1,5105
9,127.0.0.1,4106
10,127.0.0.1,5105
9,127.0.0.1,4106
10,127.0.0.1,5105
10,127.0.0.1,5105
9,127.0.0.1,4106
9,127.0.0.1,4106
10,127.0.0.1,5105
9,127.0.0.1,4106
10,127.0.0.1,5105
9,127.0.0.1,4106
10,127.0.0.1,5105
9,127.0.0.1,4106
10,127.0.0.1,5105
9,127.0.0.1,4106
10,127.0.0.1,5105
9,127.0.0.1,4106
10,127.0.0.1,5105
9,127.0.0.1,4106
10,127.0.0.1,5105
9,127.0.0.1,4106
10,127.0.0.1,5105
9,127.0.0.1,4106
10,127.0.0.1,5105
9,127.0.0.1,4106
10,127.0.0.1,5105
9,127.0.0.1,4106
9,127.0.0.1,4106
10,127.0.0.1,5105
9,127.0.0.1,4106
9,127.0.0.1,4106
9,127.0.0.1,4106
10,127.0.0.1,5105
9,127.0.0.1,4106
10,127.0.0.1,5105
9,127.0.0.1,4106
10,127.0.0.1,5105
9,127.0.0.1,4106
10,127.0.0.1,5105
9,127.0.0.1,4106
9,127.0.0.1,4106
10,127.0.0.1,5105
9,127.0.0.1,4106
10,127.0.0.1,5105
9,127.0.0.1,4106
10,127.0.0.1,5105
10,127.0.0.1,5105
9,127.0.0.1,4106
10,127.0.0.1,5105
9,127.0.0.1,4106
9,127.0.0.1,4106
10,127.0.0.1,5105
9,127.0.0.1,4106
9,127.0.0.1,4106
10,127.0.0.1,5105
10,127.0.0.1,5105
9,127.0.0.1,4106
9,127.0.0.1,4106
10,127.0.0.1,5105
10,127.0.0.1,5105
9,127.0.0.1,4106
10,127.0.0.1,5105
9,127.0.0.1,4106
10,127.0.0.1,5105
9,127.0.0.1,4106
10,127.0.0.1,5105
9,127.0.0.1,4106
10,127.0.0.1,5105
9,127.0.0.1,4106
9,127.0.0.1,4106
10,127.0.0.1,5105
9,127.0.0.1,4106
10,127.0.0.1,5105
9,127.0.0.1,4106
10,127.0.0.1,5105
9,127.0.0.1,4106
10,127.0.0.1,5105
9,127.0.0.1,4106
10,127.0.0.1,5105
9,127.0.0.1,4106
10,127.0.0.1,5105
9,127.0.0.1,4106
10,127.0.0.1,5105
10,127.0.0.1,5105
9,127.0.0.1,4106
10,127.0.0.1,5105
9,127.0.0.1,4106
9,127.0.0.1,4106
10,127.0.0.1,5105
9,127.0.0.1,4106
10,127.0.0.1,5105
10,127.0.0.1,5105
9,127.0.0.1,4106
10,127.0.0.1,5105
9,127.0.0.1,4106
10,127.0.0.1,5105
9,127.0.0.1,4106
10,127.0.0.1,5105
9,127.0.0.1,4106
10,127.0.0.1,5105
9,127.0.0.1,4106
10,127.0.0.1,5105
9,127.0.0.1,4106
10,127.0.0.1,5105
9,127.0.0.1,4106
10,127.0.0.1,5105
9,127.0.0.1,4106
10,127.0.0.1,5105
9,127.0.0.1,4106
10,127.0.0.1,5105
9,127.0.0.1,4106
9,127.0.0.1,4106
9,127.0.0.1,4106
10,127.0.0.1,5105
9,127.0.0.1,4106
10,127.0.0.1,5105
9,127.0.0.1,4106
10,127.0.0.1,5105
9,127.0.0.1,4106
10,127.0.0.1,5105
9,127.0.0.1,4106
9,127.0.0.1,4106
10,127.0.0.1,5105
9,127.0.0.1,4106
10,127.0.0.1,5105
9,127.0.0.1,4106
10,127.0.0.1,5105
9,127.0.0.1,4106
